"season","date_type","date","agecat_label","race_label","sex_label","state","data_type","estimate_type","rate_type","estimate"
"2019-20","Week Ending Date","2020-03-07","All","All","All","GA","Weekly Rate","Rate per 100,000","Observed",0.4
"2019-20","Week Ending Date","2020-03-14","All","All","All","GA","Weekly Rate","Rate per 100,000","Observed",2.1
"2019-20","Week Ending Date","2020-03-21","All","All","All","GA","Weekly Rate","Rate per 100,000","Observed",7.7
"2019-20","Week Ending Date","2020-03-28","All","All","All","GA","Weekly Rate","Rate per 100,000","Observed",13.4
"2019-20","Week Ending Date","2020-04-04","All","All","All","GA","Weekly Rate","Rate per 100,000","Observed",9.9
"2019-20","Week Ending Date","2020-04-11","All","All","All","GA","Weekly Rate","Rate per 100,000","Observed",7.7
"2019-20","Week Ending Date","2020-04-18","All","All","All","GA","Weekly Rate","Rate per 100,000","Observed",7.9
"2019-20","Week Ending Date","2020-04-25","All","All","All","GA","Weekly Rate","Rate per 100,000","Observed",6.7
"2019-20","Week Ending Date","2020-05-02","All","All","All","GA","Weekly Rate","Rate per 100,000","Observed",6.1
"2019-20","Week Ending Date","2020-05-09","All","All","All","GA","Weekly Rate","Rate per 100,000","Observed",5.1
"2019-20","Week Ending Date","2020-05-16","All","All","All","GA","Weekly Rate","Rate per 100,000","Observed",5.2
"2019-20","Week Ending Date","2020-05-23","All","All","All","GA","Weekly Rate","Rate per 100,000","Observed",5
"2019-20","Week Ending Date","2020-05-30","All","All","All","GA","Weekly Rate","Rate per 100,000","Observed",4.4
"2019-20","Week Ending Date","2020-06-06","All","All","All","GA","Weekly Rate","Rate per 100,000","Observed",4.7
"2019-20","Week Ending Date","2020-06-13","All","All","All","GA","Weekly Rate","Rate per 100,000","Observed",4.9
"2019-20","Week Ending Date","2020-06-20","All","All","All","GA","Weekly Rate","Rate per 100,000","Observed",6.4
"2019-20","Week Ending Date","2020-06-27","All","All","All","GA","Weekly Rate","Rate per 100,000","Observed",10.6
"2019-20","Week Ending Date","2020-07-04","All","All","All","GA","Weekly Rate","Rate per 100,000","Observed",17.2
"2019-20","Week Ending Date","2020-07-11","All","All","All","GA","Weekly Rate","Rate per 100,000","Observed",21.8
"2019-20","Week Ending Date","2020-07-18","All","All","All","GA","Weekly Rate","Rate per 100,000","Observed",22
"2019-20","Week Ending Date","2020-07-25","All","All","All","GA","Weekly Rate","Rate per 100,000","Observed",17.3
"2019-20","Week Ending Date","2020-08-01","All","All","All","GA","Weekly Rate","Rate per 100,000","Observed",14
"2019-20","Week Ending Date","2020-08-08","All","All","All","GA","Weekly Rate","Rate per 100,000","Observed",13.2
"2019-20","Week Ending Date","2020-08-15","All","All","All","GA","Weekly Rate","Rate per 100,000","Observed",11.3
"2019-20","Week Ending Date","2020-08-22","All","All","All","GA","Weekly Rate","Rate per 100,000","Observed",10.1
"2019-20","Week Ending Date","2020-08-29","All","All","All","GA","Weekly Rate","Rate per 100,000","Observed",6.6
"2019-20","Week Ending Date","2020-09-05","All","All","All","GA","Weekly Rate","Rate per 100,000","Observed",6.8
"2019-20","Week Ending Date","2020-09-12","All","All","All","GA","Weekly Rate","Rate per 100,000","Observed",5.9
"2019-20","Week Ending Date","2020-09-19","All","All","All","GA","Weekly Rate","Rate per 100,000","Observed",5.3
"2019-20","Week Ending Date","2020-09-26","All","All","All","GA","Weekly Rate","Rate per 100,000","Observed",4.7
"2020-21","Week Ending Date","2020-10-03","All","All","All","GA","Weekly Rate","Rate per 100,000","Observed",5.4
"2020-21","Week Ending Date","2020-10-10","All","All","All","GA","Weekly Rate","Rate per 100,000","Observed",5.8
"2020-21","Week Ending Date","2020-10-17","All","All","All","GA","Weekly Rate","Rate per 100,000","Observed",6.5
"2020-21","Week Ending Date","2020-10-24","All","All","All","GA","Weekly Rate","Rate per 100,000","Observed",7.3
"2020-21","Week Ending Date","2020-10-31","All","All","All","GA","Weekly Rate","Rate per 100,000","Observed",7
"2020-21","Week Ending Date","2020-11-07","All","All","All","GA","Weekly Rate","Rate per 100,000","Observed",8.7
"2020-21","Week Ending Date","2020-11-14","All","All","All","GA","Weekly Rate","Rate per 100,000","Observed",9.7
"2020-21","Week Ending Date","2020-11-21","All","All","All","GA","Weekly Rate","Rate per 100,000","Observed",10
"2020-21","Week Ending Date","2020-11-28","All","All","All","GA","Weekly Rate","Rate per 100,000","Observed",11.8
"2020-21","Week Ending Date","2020-12-05","All","All","All","GA","Weekly Rate","Rate per 100,000","Observed",13.5
"2020-21","Week Ending Date","2020-12-12","All","All","All","GA","Weekly Rate","Rate per 100,000","Observed",16.7
"2020-21","Week Ending Date","2020-12-19","All","All","All","GA","Weekly Rate","Rate per 100,000","Observed",20.8
"2020-21","Week Ending Date","2020-12-26","All","All","All","GA","Weekly Rate","Rate per 100,000","Observed",21.9
"2020-21","Week Ending Date","2021-01-02","All","All","All","GA","Weekly Rate","Rate per 100,000","Observed",26.8
"2020-21","Week Ending Date","2021-01-09","All","All","All","GA","Weekly Rate","Rate per 100,000","Observed",29.5
"2020-21","Week Ending Date","2021-01-16","All","All","All","GA","Weekly Rate","Rate per 100,000","Observed",28.8
"2020-21","Week Ending Date","2021-01-23","All","All","All","GA","Weekly Rate","Rate per 100,000","Observed",24.5
"2020-21","Week Ending Date","2021-01-30","All","All","All","GA","Weekly Rate","Rate per 100,000","Observed",21.8
"2020-21","Week Ending Date","2021-02-06","All","All","All","GA","Weekly Rate","Rate per 100,000","Observed",17.9
"2020-21","Week Ending Date","2021-02-13","All","All","All","GA","Weekly Rate","Rate per 100,000","Observed",14.6
"2020-21","Week Ending Date","2021-02-20","All","All","All","GA","Weekly Rate","Rate per 100,000","Observed",12.6
"2020-21","Week Ending Date","2021-02-27","All","All","All","GA","Weekly Rate","Rate per 100,000","Observed",10.5
"2020-21","Week Ending Date","2021-03-06","All","All","All","GA","Weekly Rate","Rate per 100,000","Observed",9.6
"2020-21","Week Ending Date","2021-03-13","All","All","All","GA","Weekly Rate","Rate per 100,000","Observed",8.6
"2020-21","Week Ending Date","2021-03-20","All","All","All","GA","Weekly Rate","Rate per 100,000","Observed",8.2
"2020-21","Week Ending Date","2021-03-27","All","All","All","GA","Weekly Rate","Rate per 100,000","Observed",9.1
"2020-21","Week Ending Date","2021-04-03","All","All","All","GA","Weekly Rate","Rate per 100,000","Observed",6.6
"2020-21","Week Ending Date","2021-04-10","All","All","All","GA","Weekly Rate","Rate per 100,000","Observed",8.8
"2020-21","Week Ending Date","2021-04-17","All","All","All","GA","Weekly Rate","Rate per 100,000","Observed",9.1
"2020-21","Week Ending Date","2021-04-24","All","All","All","GA","Weekly Rate","Rate per 100,000","Observed",9.3
"2020-21","Week Ending Date","2021-05-01","All","All","All","GA","Weekly Rate","Rate per 100,000","Observed",8.2
"2020-21","Week Ending Date","2021-05-08","All","All","All","GA","Weekly Rate","Rate per 100,000","Observed",6.8
"2020-21","Week Ending Date","2021-05-15","All","All","All","GA","Weekly Rate","Rate per 100,000","Observed",5.6
"2020-21","Week Ending Date","2021-05-22","All","All","All","GA","Weekly Rate","Rate per 100,000","Observed",5.6
"2020-21","Week Ending Date","2021-05-29","All","All","All","GA","Weekly Rate","Rate per 100,000","Observed",4.3
"2020-21","Week Ending Date","2021-06-05","All","All","All","GA","Weekly Rate","Rate per 100,000","Observed",3.2
"2020-21","Week Ending Date","2021-06-12","All","All","All","GA","Weekly Rate","Rate per 100,000","Observed",3.1
"2020-21","Week Ending Date","2021-06-19","All","All","All","GA","Weekly Rate","Rate per 100,000","Observed",2.2
"2020-21","Week Ending Date","2021-06-26","All","All","All","GA","Weekly Rate","Rate per 100,000","Observed",2.2
"2020-21","Week Ending Date","2021-07-03","All","All","All","GA","Weekly Rate","Rate per 100,000","Observed",1.9
"2020-21","Week Ending Date","2021-07-10","All","All","All","GA","Weekly Rate","Rate per 100,000","Observed",3.4
"2020-21","Week Ending Date","2021-07-17","All","All","All","GA","Weekly Rate","Rate per 100,000","Observed",4.9
"2020-21","Week Ending Date","2021-07-24","All","All","All","GA","Weekly Rate","Rate per 100,000","Observed",8.1
"2020-21","Week Ending Date","2021-07-31","All","All","All","GA","Weekly Rate","Rate per 100,000","Observed",14.1
"2020-21","Week Ending Date","2021-08-07","All","All","All","GA","Weekly Rate","Rate per 100,000","Observed",18.6
"2020-21","Week Ending Date","2021-08-14","All","All","All","GA","Weekly Rate","Rate per 100,000","Observed",22.1
"2020-21","Week Ending Date","2021-08-21","All","All","All","GA","Weekly Rate","Rate per 100,000","Observed",23.8
"2020-21","Week Ending Date","2021-08-28","All","All","All","GA","Weekly Rate","Rate per 100,000","Observed",23.6
"2020-21","Week Ending Date","2021-09-04","All","All","All","GA","Weekly Rate","Rate per 100,000","Observed",24
"2020-21","Week Ending Date","2021-09-11","All","All","All","GA","Weekly Rate","Rate per 100,000","Observed",21.8
"2020-21","Week Ending Date","2021-09-18","All","All","All","GA","Weekly Rate","Rate per 100,000","Observed",16.9
"2020-21","Week Ending Date","2021-09-25","All","All","All","GA","Weekly Rate","Rate per 100,000","Observed",15.7
"2020-21","Week Ending Date","2021-10-02","All","All","All","GA","Weekly Rate","Rate per 100,000","Observed",12.1
"2021-22","Week Ending Date","2021-10-09","All","All","All","GA","Weekly Rate","Rate per 100,000","Observed",10.8
"2021-22","Week Ending Date","2021-10-16","All","All","All","GA","Weekly Rate","Rate per 100,000","Observed",7.9
"2021-22","Week Ending Date","2021-10-23","All","All","All","GA","Weekly Rate","Rate per 100,000","Observed",6.3
"2021-22","Week Ending Date","2021-10-30","All","All","All","GA","Weekly Rate","Rate per 100,000","Observed",5.6
"2021-22","Week Ending Date","2021-11-06","All","All","All","GA","Weekly Rate","Rate per 100,000","Observed",3.8
"2021-22","Week Ending Date","2021-11-13","All","All","All","GA","Weekly Rate","Rate per 100,000","Observed",4.5
"2021-22","Week Ending Date","2021-11-20","All","All","All","GA","Weekly Rate","Rate per 100,000","Observed",4.4
"2021-22","Week Ending Date","2021-11-27","All","All","All","GA","Weekly Rate","Rate per 100,000","Observed",5
"2021-22","Week Ending Date","2021-12-04","All","All","All","GA","Weekly Rate","Rate per 100,000","Observed",5.5
"2021-22","Week Ending Date","2021-12-11","All","All","All","GA","Weekly Rate","Rate per 100,000","Observed",7.2
"2021-22","Week Ending Date","2021-12-18","All","All","All","GA","Weekly Rate","Rate per 100,000","Observed",9.6
"2021-22","Week Ending Date","2021-12-25","All","All","All","GA","Weekly Rate","Rate per 100,000","Observed",22.8
"2021-22","Week Ending Date","2022-01-01","All","All","All","GA","Weekly Rate","Rate per 100,000","Observed",51.4
"2021-22","Week Ending Date","2022-01-08","All","All","All","GA","Weekly Rate","Rate per 100,000","Observed",57
"2021-22","Week Ending Date","2022-01-15","All","All","All","GA","Weekly Rate","Rate per 100,000","Observed",45.5
"2021-22","Week Ending Date","2022-01-22","All","All","All","GA","Weekly Rate","Rate per 100,000","Observed",31.5
"2021-22","Week Ending Date","2022-01-29","All","All","All","GA","Weekly Rate","Rate per 100,000","Observed",24.4
"2021-22","Week Ending Date","2022-02-05","All","All","All","GA","Weekly Rate","Rate per 100,000","Observed",17.7
"2021-22","Week Ending Date","2022-02-12","All","All","All","GA","Weekly Rate","Rate per 100,000","Observed",12.6
"2021-22","Week Ending Date","2022-02-19","All","All","All","GA","Weekly Rate","Rate per 100,000","Observed",8.9
"2021-22","Week Ending Date","2022-02-26","All","All","All","GA","Weekly Rate","Rate per 100,000","Observed",7
"2021-22","Week Ending Date","2022-03-05","All","All","All","GA","Weekly Rate","Rate per 100,000","Observed",5.7
"2021-22","Week Ending Date","2022-03-12","All","All","All","GA","Weekly Rate","Rate per 100,000","Observed",3.3
"2021-22","Week Ending Date","2022-03-19","All","All","All","GA","Weekly Rate","Rate per 100,000","Observed",2.8
"2021-22","Week Ending Date","2022-03-26","All","All","All","GA","Weekly Rate","Rate per 100,000","Observed",2.4
"2021-22","Week Ending Date","2022-04-02","All","All","All","GA","Weekly Rate","Rate per 100,000","Observed",2.4
"2021-22","Week Ending Date","2022-04-09","All","All","All","GA","Weekly Rate","Rate per 100,000","Observed",1.5
"2021-22","Week Ending Date","2022-04-16","All","All","All","GA","Weekly Rate","Rate per 100,000","Observed",2.3
"2021-22","Week Ending Date","2022-04-23","All","All","All","GA","Weekly Rate","Rate per 100,000","Observed",2.3
"2021-22","Week Ending Date","2022-04-30","All","All","All","GA","Weekly Rate","Rate per 100,000","Observed",2.5
"2021-22","Week Ending Date","2022-05-07","All","All","All","GA","Weekly Rate","Rate per 100,000","Observed",3.8
"2021-22","Week Ending Date","2022-05-14","All","All","All","GA","Weekly Rate","Rate per 100,000","Observed",4.4
"2021-22","Week Ending Date","2022-05-21","All","All","All","GA","Weekly Rate","Rate per 100,000","Observed",5.4
"2021-22","Week Ending Date","2022-05-28","All","All","All","GA","Weekly Rate","Rate per 100,000","Observed",6.1
"2021-22","Week Ending Date","2022-06-04","All","All","All","GA","Weekly Rate","Rate per 100,000","Observed",7.2
"2021-22","Week Ending Date","2022-06-11","All","All","All","GA","Weekly Rate","Rate per 100,000","Observed",7.1
"2021-22","Week Ending Date","2022-06-18","All","All","All","GA","Weekly Rate","Rate per 100,000","Observed",8.5
"2021-22","Week Ending Date","2022-06-25","All","All","All","GA","Weekly Rate","Rate per 100,000","Observed",9.9
"2021-22","Week Ending Date","2022-07-02","All","All","All","GA","Weekly Rate","Rate per 100,000","Observed",10.1
"2021-22","Week Ending Date","2022-07-09","All","All","All","GA","Weekly Rate","Rate per 100,000","Observed",11.6
"2021-22","Week Ending Date","2022-07-16","All","All","All","GA","Weekly Rate","Rate per 100,000","Observed",13.1
"2021-22","Week Ending Date","2022-07-23","All","All","All","GA","Weekly Rate","Rate per 100,000","Observed",14.1
"2021-22","Week Ending Date","2022-07-30","All","All","All","GA","Weekly Rate","Rate per 100,000","Observed",13.6
"2021-22","Week Ending Date","2022-08-06","All","All","All","GA","Weekly Rate","Rate per 100,000","Observed",13.8
"2021-22","Week Ending Date","2022-08-13","All","All","All","GA","Weekly Rate","Rate per 100,000","Observed",12.8
"2021-22","Week Ending Date","2022-08-20","All","All","All","GA","Weekly Rate","Rate per 100,000","Observed",11.9
"2021-22","Week Ending Date","2022-08-27","All","All","All","GA","Weekly Rate","Rate per 100,000","Observed",12.9
"2021-22","Week Ending Date","2022-09-03","All","All","All","GA","Weekly Rate","Rate per 100,000","Observed",9.9
"2021-22","Week Ending Date","2022-09-10","All","All","All","GA","Weekly Rate","Rate per 100,000","Observed",7.8
"2021-22","Week Ending Date","2022-09-17","All","All","All","GA","Weekly Rate","Rate per 100,000","Observed",5.8
"2021-22","Week Ending Date","2022-09-24","All","All","All","GA","Weekly Rate","Rate per 100,000","Observed",5.6
"2021-22","Week Ending Date","2022-10-01","All","All","All","GA","Weekly Rate","Rate per 100,000","Observed",4.5
"2022-23","Week Ending Date","2022-10-08","All","All","All","GA","Weekly Rate","Rate per 100,000","Observed",3.9
"2022-23","Week Ending Date","2022-10-15","All","All","All","GA","Weekly Rate","Rate per 100,000","Observed",3.9
"2022-23","Week Ending Date","2022-10-22","All","All","All","GA","Weekly Rate","Rate per 100,000","Observed",4
"2022-23","Week Ending Date","2022-10-29","All","All","All","GA","Weekly Rate","Rate per 100,000","Observed",4.8
"2022-23","Week Ending Date","2022-11-05","All","All","All","GA","Weekly Rate","Rate per 100,000","Observed",4.8
"2022-23","Week Ending Date","2022-11-12","All","All","All","GA","Weekly Rate","Rate per 100,000","Observed",4.3
"2022-23","Week Ending Date","2022-11-19","All","All","All","GA","Weekly Rate","Rate per 100,000","Observed",4
"2022-23","Week Ending Date","2022-11-26","All","All","All","GA","Weekly Rate","Rate per 100,000","Observed",5.6
"2022-23","Week Ending Date","2022-12-03","All","All","All","GA","Weekly Rate","Rate per 100,000","Observed",7.4
"2022-23","Week Ending Date","2022-12-10","All","All","All","GA","Weekly Rate","Rate per 100,000","Observed",8.6
"2022-23","Week Ending Date","2022-12-17","All","All","All","GA","Weekly Rate","Rate per 100,000","Observed",9.1
"2022-23","Week Ending Date","2022-12-24","All","All","All","GA","Weekly Rate","Rate per 100,000","Observed",11.2
"2022-23","Week Ending Date","2022-12-31","All","All","All","GA","Weekly Rate","Rate per 100,000","Observed",14.1
"2022-23","Week Ending Date","2023-01-07","All","All","All","GA","Weekly Rate","Rate per 100,000","Observed",13.3
"2022-23","Week Ending Date","2023-01-14","All","All","All","GA","Weekly Rate","Rate per 100,000","Observed",9.7
"2022-23","Week Ending Date","2023-01-21","All","All","All","GA","Weekly Rate","Rate per 100,000","Observed",8.4
"2022-23","Week Ending Date","2023-01-28","All","All","All","GA","Weekly Rate","Rate per 100,000","Observed",7.8
"2022-23","Week Ending Date","2023-02-04","All","All","All","GA","Weekly Rate","Rate per 100,000","Observed",7.2
"2022-23","Week Ending Date","2023-02-11","All","All","All","GA","Weekly Rate","Rate per 100,000","Observed",6.3
"2022-23","Week Ending Date","2023-02-18","All","All","All","GA","Weekly Rate","Rate per 100,000","Observed",5.7
"2022-23","Week Ending Date","2023-02-25","All","All","All","GA","Weekly Rate","Rate per 100,000","Observed",5.8
"2022-23","Week Ending Date","2023-03-04","All","All","All","GA","Weekly Rate","Rate per 100,000","Observed",4.5
"2022-23","Week Ending Date","2023-03-11","All","All","All","GA","Weekly Rate","Rate per 100,000","Observed",3.7
"2022-23","Week Ending Date","2023-03-18","All","All","All","GA","Weekly Rate","Rate per 100,000","Observed",3.3
"2022-23","Week Ending Date","2023-03-25","All","All","All","GA","Weekly Rate","Rate per 100,000","Observed",2.8
"2022-23","Week Ending Date","2023-04-01","All","All","All","GA","Weekly Rate","Rate per 100,000","Observed",2.8
"2022-23","Week Ending Date","2023-04-08","All","All","All","GA","Weekly Rate","Rate per 100,000","Observed",2
"2022-23","Week Ending Date","2023-04-15","All","All","All","GA","Weekly Rate","Rate per 100,000","Observed",2.4
"2022-23","Week Ending Date","2023-04-22","All","All","All","GA","Weekly Rate","Rate per 100,000","Observed",2.2
"2022-23","Week Ending Date","2023-04-29","All","All","All","GA","Weekly Rate","Rate per 100,000","Observed",2.2
"2022-23","Week Ending Date","2023-05-06","All","All","All","GA","Weekly Rate","Rate per 100,000","Observed",2.3
"2022-23","Week Ending Date","2023-05-13","All","All","All","GA","Weekly Rate","Rate per 100,000","Observed",2.2
"2022-23","Week Ending Date","2023-05-20","All","All","All","GA","Weekly Rate","Rate per 100,000","Observed",1.7
"2022-23","Week Ending Date","2023-05-27","All","All","All","GA","Weekly Rate","Rate per 100,000","Observed",1.7
"2022-23","Week Ending Date","2023-06-03","All","All","All","GA","Weekly Rate","Rate per 100,000","Observed",1.1
"2022-23","Week Ending Date","2023-06-10","All","All","All","GA","Weekly Rate","Rate per 100,000","Observed",1.3
"2022-23","Week Ending Date","2023-06-17","All","All","All","GA","Weekly Rate","Rate per 100,000","Observed",1.2
"2022-23","Week Ending Date","2023-06-24","All","All","All","GA","Weekly Rate","Rate per 100,000","Observed",1.6
"2022-23","Week Ending Date","2023-07-01","All","All","All","GA","Weekly Rate","Rate per 100,000","Observed",1.4
"2022-23","Week Ending Date","2023-07-08","All","All","All","GA","Weekly Rate","Rate per 100,000","Observed",1.3
"2022-23","Week Ending Date","2023-07-15","All","All","All","GA","Weekly Rate","Rate per 100,000","Observed",1.5
"2022-23","Week Ending Date","2023-07-22","All","All","All","GA","Weekly Rate","Rate per 100,000","Observed",2.1
"2022-23","Week Ending Date","2023-07-29","All","All","All","GA","Weekly Rate","Rate per 100,000","Observed",2.6
"2022-23","Week Ending Date","2023-08-05","All","All","All","GA","Weekly Rate","Rate per 100,000","Observed",3.8
"2022-23","Week Ending Date","2023-08-12","All","All","All","GA","Weekly Rate","Rate per 100,000","Observed",3.7
"2022-23","Week Ending Date","2023-08-19","All","All","All","GA","Weekly Rate","Rate per 100,000","Observed",4.7
"2022-23","Week Ending Date","2023-08-26","All","All","All","GA","Weekly Rate","Rate per 100,000","Observed",6.5
"2022-23","Week Ending Date","2023-09-02","All","All","All","GA","Weekly Rate","Rate per 100,000","Observed",5.2
"2022-23","Week Ending Date","2023-09-09","All","All","All","GA","Weekly Rate","Rate per 100,000","Observed",4.1
"2022-23","Week Ending Date","2023-09-16","All","All","All","GA","Weekly Rate","Rate per 100,000","Observed",3.9
"2022-23","Week Ending Date","2023-09-23","All","All","All","GA","Weekly Rate","Rate per 100,000","Observed",3.4
"2022-23","Week Ending Date","2023-09-30","All","All","All","GA","Weekly Rate","Rate per 100,000","Observed",2.8
"2023-24","Week Ending Date","2023-10-07","All","All","All","GA","Weekly Rate","Rate per 100,000","Observed",2.5
"2023-24","Week Ending Date","2023-10-14","All","All","All","GA","Weekly Rate","Rate per 100,000","Observed",2.7
"2023-24","Week Ending Date","2023-10-21","All","All","All","GA","Weekly Rate","Rate per 100,000","Observed",2.7
"2023-24","Week Ending Date","2023-10-28","All","All","All","GA","Weekly Rate","Rate per 100,000","Observed",2.8
"2023-24","Week Ending Date","2023-11-04","All","All","All","GA","Weekly Rate","Rate per 100,000","Observed",2.7
"2023-24","Week Ending Date","2023-11-11","All","All","All","GA","Weekly Rate","Rate per 100,000","Observed",2.8
"2023-24","Week Ending Date","2023-11-18","All","All","All","GA","Weekly Rate","Rate per 100,000","Observed",3.3
"2023-24","Week Ending Date","2023-11-25","All","All","All","GA","Weekly Rate","Rate per 100,000","Observed",2.8
"2023-24","Week Ending Date","2023-12-02","All","All","All","GA","Weekly Rate","Rate per 100,000","Observed",3.3
"2023-24","Week Ending Date","2023-12-09","All","All","All","GA","Weekly Rate","Rate per 100,000","Observed",4.2
"2023-24","Week Ending Date","2023-12-16","All","All","All","GA","Weekly Rate","Rate per 100,000","Observed",4.8
"2023-24","Week Ending Date","2023-12-23","All","All","All","GA","Weekly Rate","Rate per 100,000","Observed",6.3
"2023-24","Week Ending Date","2023-12-30","All","All","All","GA","Weekly Rate","Rate per 100,000","Observed",9
"2023-24","Week Ending Date","2024-01-06","All","All","All","GA","Weekly Rate","Rate per 100,000","Observed",8.1
"2023-24","Week Ending Date","2024-01-13","All","All","All","GA","Weekly Rate","Rate per 100,000","Observed",7.4
"2023-24","Week Ending Date","2024-01-20","All","All","All","GA","Weekly Rate","Rate per 100,000","Observed",8.1
"2023-24","Week Ending Date","2024-01-27","All","All","All","GA","Weekly Rate","Rate per 100,000","Observed",7.9
"2023-24","Week Ending Date","2024-02-03","All","All","All","GA","Weekly Rate","Rate per 100,000","Observed",6.4
"2023-24","Week Ending Date","2024-02-10","All","All","All","GA","Weekly Rate","Rate per 100,000","Observed",7
"2023-24","Week Ending Date","2024-02-17","All","All","All","GA","Weekly Rate","Rate per 100,000","Observed",5.7
"2023-24","Week Ending Date","2024-02-24","All","All","All","GA","Weekly Rate","Rate per 100,000","Observed",5.8
"2023-24","Week Ending Date","2024-03-02","All","All","All","GA","Weekly Rate","Rate per 100,000","Observed",5.1
"2023-24","Week Ending Date","2024-03-09","All","All","All","GA","Weekly Rate","Rate per 100,000","Observed",4.1
"2023-24","Week Ending Date","2024-03-16","All","All","All","GA","Weekly Rate","Rate per 100,000","Observed",3
"2023-24","Week Ending Date","2024-03-23","All","All","All","GA","Weekly Rate","Rate per 100,000","Observed",2.5
"2023-24","Week Ending Date","2024-03-30","All","All","All","GA","Weekly Rate","Rate per 100,000","Observed",1.9
"2023-24","Week Ending Date","2024-04-06","All","All","All","GA","Weekly Rate","Rate per 100,000","Observed",1.7
"2023-24","Week Ending Date","2024-04-13","All","All","All","GA","Weekly Rate","Rate per 100,000","Observed",1.2
"2023-24","Week Ending Date","2024-04-20","All","All","All","GA","Weekly Rate","Rate per 100,000","Observed",1
"2023-24","Week Ending Date","2024-04-27","All","All","All","GA","Weekly Rate","Rate per 100,000","Observed",1
"2023-24","Week Ending Date","2024-05-04","All","All","All","GA","Weekly Rate","Rate per 100,000","Observed",0.8
"2023-24","Week Ending Date","2024-05-11","All","All","All","GA","Weekly Rate","Rate per 100,000","Observed",0.5
"2023-24","Week Ending Date","2024-05-18","All","All","All","GA","Weekly Rate","Rate per 100,000","Observed",0.8
"2023-24","Week Ending Date","2024-05-25","All","All","All","GA","Weekly Rate","Rate per 100,000","Observed",0.8
"2023-24","Week Ending Date","2024-06-01","All","All","All","GA","Weekly Rate","Rate per 100,000","Observed",1.1
"2023-24","Week Ending Date","2024-06-08","All","All","All","GA","Weekly Rate","Rate per 100,000","Observed",1.3
"2023-24","Week Ending Date","2024-06-15","All","All","All","GA","Weekly Rate","Rate per 100,000","Observed",1.2
"2023-24","Week Ending Date","2024-06-22","All","All","All","GA","Weekly Rate","Rate per 100,000","Observed",1.7
"2023-24","Week Ending Date","2024-06-29","All","All","All","GA","Weekly Rate","Rate per 100,000","Observed",2
"2023-24","Week Ending Date","2024-07-06","All","All","All","GA","Weekly Rate","Rate per 100,000","Observed",2.3
"2023-24","Week Ending Date","2024-07-13","All","All","All","GA","Weekly Rate","Rate per 100,000","Observed",2.8
"2023-24","Week Ending Date","2024-07-20","All","All","All","GA","Weekly Rate","Rate per 100,000","Observed",3.1
"2023-24","Week Ending Date","2024-07-27","All","All","All","GA","Weekly Rate","Rate per 100,000","Observed",4.1
"2023-24","Week Ending Date","2024-08-03","All","All","All","GA","Weekly Rate","Rate per 100,000","Observed",5.2
"2023-24","Week Ending Date","2024-08-10","All","All","All","GA","Weekly Rate","Rate per 100,000","Observed",6.2
"2023-24","Week Ending Date","2024-08-17","All","All","All","GA","Weekly Rate","Rate per 100,000","Observed",6.1
"2023-24","Week Ending Date","2024-08-24","All","All","All","GA","Weekly Rate","Rate per 100,000","Observed",5.6
"2023-24","Week Ending Date","2024-08-31","All","All","All","GA","Weekly Rate","Rate per 100,000","Observed",4.7
"2023-24","Week Ending Date","2024-09-07","All","All","All","GA","Weekly Rate","Rate per 100,000","Observed",3.9
"2023-24","Week Ending Date","2024-09-14","All","All","All","GA","Weekly Rate","Rate per 100,000","Observed",3
"2023-24","Week Ending Date","2024-09-21","All","All","All","GA","Weekly Rate","Rate per 100,000","Observed",1.7
"2023-24","Week Ending Date","2024-09-28","All","All","All","GA","Weekly Rate","Rate per 100,000","Observed",1.9
"2024-25","Week Ending Date","2024-10-05","All","All","All","GA","Weekly Rate","Rate per 100,000","Observed",1.5
"2024-25","Week Ending Date","2024-10-12","All","All","All","GA","Weekly Rate","Rate per 100,000","Observed",1.5
"2024-25","Week Ending Date","2024-10-19","All","All","All","GA","Weekly Rate","Rate per 100,000","Observed",1.1
"2024-25","Week Ending Date","2024-10-26","All","All","All","GA","Weekly Rate","Rate per 100,000","Observed",1.1
"2024-25","Week Ending Date","2024-11-02","All","All","All","GA","Weekly Rate","Rate per 100,000","Observed",1.2
"2024-25","Week Ending Date","2024-11-09","All","All","All","GA","Weekly Rate","Rate per 100,000","Observed",1
"2024-25","Week Ending Date","2024-11-16","All","All","All","GA","Weekly Rate","Rate per 100,000","Observed",0.7
"2024-25","Week Ending Date","2024-11-23","All","All","All","GA","Weekly Rate","Rate per 100,000","Observed",0.7
"2024-25","Week Ending Date","2024-11-30","All","All","All","GA","Weekly Rate","Rate per 100,000","Observed",0.8
"2024-25","Week Ending Date","2024-12-07","All","All","All","GA","Weekly Rate","Rate per 100,000","Observed",1.2
"2024-25","Week Ending Date","2024-12-14","All","All","All","GA","Weekly Rate","Rate per 100,000","Observed",1.7
"2024-25","Week Ending Date","2024-12-21","All","All","All","GA","Weekly Rate","Rate per 100,000","Observed",1.6
"2024-25","Week Ending Date","2024-12-28","All","All","All","GA","Weekly Rate","Rate per 100,000","Observed",2.2
"2024-25","Week Ending Date","2025-01-04","All","All","All","GA","Weekly Rate","Rate per 100,000","Observed",3.2
"2024-25","Week Ending Date","2025-01-11","All","All","All","GA","Weekly Rate","Rate per 100,000","Observed",2.6
"2024-25","Week Ending Date","2025-01-18","All","All","All","GA","Weekly Rate","Rate per 100,000","Observed",2.6
"2024-25","Week Ending Date","2025-01-25","All","All","All","GA","Weekly Rate","Rate per 100,000","Observed",2.4
"2024-25","Week Ending Date","2025-02-01","All","All","All","GA","Weekly Rate","Rate per 100,000","Observed",3.2
"2024-25","Week Ending Date","2025-02-08","All","All","All","GA","Weekly Rate","Rate per 100,000","Observed",3.2
"2024-25","Week Ending Date","2025-02-15","All","All","All","GA","Weekly Rate","Rate per 100,000","Observed",2.4
"2024-25","Week Ending Date","2025-02-22","All","All","All","GA","Weekly Rate","Rate per 100,000","Observed",3.2
"2024-25","Week Ending Date","2025-03-01","All","All","All","GA","Weekly Rate","Rate per 100,000","Observed",3.2
"2024-25","Week Ending Date","2025-03-08","All","All","All","GA","Weekly Rate","Rate per 100,000","Observed",3.1
"2024-25","Week Ending Date","2025-03-15","All","All","All","GA","Weekly Rate","Rate per 100,000","Observed",3.3
"2024-25","Week Ending Date","2025-03-22","All","All","All","GA","Weekly Rate","Rate per 100,000","Observed",2.6
"2024-25","Week Ending Date","2025-03-29","All","All","All","GA","Weekly Rate","Rate per 100,000","Observed",2.3
"2024-25","Week Ending Date","2025-04-05","All","All","All","GA","Weekly Rate","Rate per 100,000","Observed",2.1
"2024-25","Week Ending Date","2025-04-12","All","All","All","GA","Weekly Rate","Rate per 100,000","Observed",1.8
"2024-25","Week Ending Date","2025-04-19","All","All","All","GA","Weekly Rate","Rate per 100,000","Observed",1.9
"2024-25","Week Ending Date","2025-04-26","All","All","All","GA","Weekly Rate","Rate per 100,000","Observed",1.9
"2024-25","Week Ending Date","2025-05-03","All","All","All","GA","Weekly Rate","Rate per 100,000","Observed",1.1
"2024-25","Week Ending Date","2025-05-10","All","All","All","GA","Weekly Rate","Rate per 100,000","Observed",0.9
"2024-25","Week Ending Date","2025-05-17","All","All","All","GA","Weekly Rate","Rate per 100,000","Observed",1
"2024-25","Week Ending Date","2025-05-24","All","All","All","GA","Weekly Rate","Rate per 100,000","Observed",0.7
"2024-25","Week Ending Date","2025-05-31","All","All","All","GA","Weekly Rate","Rate per 100,000","Observed",0.8
"2024-25","Week Ending Date","2025-06-07","All","All","All","GA","Weekly Rate","Rate per 100,000","Observed",0.9
"2024-25","Week Ending Date","2025-06-14","All","All","All","GA","Weekly Rate","Rate per 100,000","Observed",0.7
"2024-25","Week Ending Date","2025-06-21","All","All","All","GA","Weekly Rate","Rate per 100,000","Observed",0.9
"2024-25","Week Ending Date","2025-06-28","All","All","All","GA","Weekly Rate","Rate per 100,000","Observed",1.2
"2024-25","Week Ending Date","2025-07-05","All","All","All","GA","Weekly Rate","Rate per 100,000","Observed",0.9
"2024-25","Week Ending Date","2025-07-12","All","All","All","GA","Weekly Rate","Rate per 100,000","Observed",1.3
"2024-25","Week Ending Date","2025-07-19","All","All","All","GA","Weekly Rate","Rate per 100,000","Observed",1.5
"2024-25","Week Ending Date","2025-07-26","All","All","All","GA","Weekly Rate","Rate per 100,000","Observed",2
"2024-25","Week Ending Date","2025-08-02","All","All","All","GA","Weekly Rate","Rate per 100,000","Observed",1.8
"2024-25","Week Ending Date","2025-08-09","All","All","All","GA","Weekly Rate","Rate per 100,000","Observed",2.6
"2024-25","Week Ending Date","2025-08-16","All","All","All","GA","Weekly Rate","Rate per 100,000","Observed",3.1
"2024-25","Week Ending Date","2025-08-23","All","All","All","GA","Weekly Rate","Rate per 100,000","Observed",3.6
"2024-25","Week Ending Date","2025-08-30","All","All","All","GA","Weekly Rate","Rate per 100,000","Observed",3.3
"2024-25","Week Ending Date","2025-09-06","All","All","All","GA","Weekly Rate","Rate per 100,000","Observed",3
"2024-25","Week Ending Date","2025-09-13","All","All","All","GA","Weekly Rate","Rate per 100,000","Observed",2.4
"2024-25","Week Ending Date","2025-09-20","All","All","All","GA","Weekly Rate","Rate per 100,000","Observed",1.5
"2024-25","Week Ending Date","2025-09-27","All","All","All","GA","Weekly Rate","Rate per 100,000","Observed",1.5
"2025-26","Week Ending Date","2025-10-04","All","All","All","GA","Weekly Rate","Rate per 100,000","Observed",1.2
"2025-26","Week Ending Date","2025-10-11","All","All","All","GA","Weekly Rate","Rate per 100,000","Observed",0.8
"2025-26","Week Ending Date","2025-10-18","All","All","All","GA","Weekly Rate","Rate per 100,000","Observed",0.8
"2025-26","Week Ending Date","2025-10-25","All","All","All","GA","Weekly Rate","Rate per 100,000","Observed",0.6
"2025-26","Week Ending Date","2025-11-01","All","All","All","GA","Weekly Rate","Rate per 100,000","Observed",0.8
"2025-26","Week Ending Date","2025-11-08","All","All","All","GA","Weekly Rate","Rate per 100,000","Observed",0.8
"2025-26","Week Ending Date","2025-11-15","All","All","All","GA","Weekly Rate","Rate per 100,000","Observed",0.7
"2025-26","Week Ending Date","2025-11-22","All","All","All","GA","Weekly Rate","Rate per 100,000","Observed",0.4
"2025-26","Week Ending Date","2025-11-29","All","All","All","GA","Weekly Rate","Rate per 100,000","Observed",0.6
"2025-26","Week Ending Date","2025-12-06","All","All","All","GA","Weekly Rate","Rate per 100,000","Observed",1
"2025-26","Week Ending Date","2025-12-13","All","All","All","GA","Weekly Rate","Rate per 100,000","Observed",0.7
"2025-26","Week Ending Date","2025-12-20","All","All","All","GA","Weekly Rate","Rate per 100,000","Observed",0.8
"2025-26","Week Ending Date","2025-12-27","All","All","All","GA","Weekly Rate","Rate per 100,000","Observed",1.2
"2025-26","Week Ending Date","2026-01-03","All","All","All","GA","Weekly Rate","Rate per 100,000","Observed",1.2
"2025-26","Week Ending Date","2026-01-10","All","All","All","GA","Weekly Rate","Rate per 100,000","Observed",0.8
"2025-26","Week Ending Date","2026-01-17","All","All","All","GA","Weekly Rate","Rate per 100,000","Observed",0.9
"2025-26","Week Ending Date","2026-01-24","All","All","All","GA","Weekly Rate","Rate per 100,000","Observed",1.1
"2025-26","Week Ending Date","2026-01-31","All","All","All","GA","Weekly Rate","Rate per 100,000","Observed",0.8
"2025-26","Week Ending Date","2026-02-07","All","All","All","GA","Weekly Rate","Rate per 100,000","Observed",1.1
"2025-26","Week Ending Date","2026-02-14","All","All","All","GA","Weekly Rate","Rate per 100,000","Observed",1.8
"2025-26","Week Ending Date","2026-02-21","All","All","All","GA","Weekly Rate","Rate per 100,000","Observed",1.8
"2025-26","Week Ending Date","2026-02-28","All","All","All","GA","Weekly Rate","Rate per 100,000","Observed",1.3
"2025-26","Week Ending Date","2026-03-07","All","All","All","GA","Weekly Rate","Rate per 100,000","Observed",1
"2025-26","Week Ending Date","2026-03-14","All","All","All","GA","Weekly Rate","Rate per 100,000","Observed",0.9
"2025-26","Week Ending Date","2026-03-21","All","All","All","GA","Weekly Rate","Rate per 100,000","Observed",1.2
"2025-26","Week Ending Date","2026-03-28","All","All","All","GA","Weekly Rate","Rate per 100,000","Observed",0.9
"2025-26","Week Ending Date","2026-04-04","All","All","All","GA","Weekly Rate","Rate per 100,000","Observed",1.2
"2025-26","Week Ending Date","2026-04-11","All","All","All","GA","Weekly Rate","Rate per 100,000","Observed",0.9
"2025-26","Week Ending Date","2026-04-18","All","All","All","GA","Weekly Rate","Rate per 100,000","Observed",0.9
"2025-26","Week Ending Date","2026-04-25","All","All","All","GA","Weekly Rate","Rate per 100,000","Observed",0.9
"2025-26","Week Ending Date","2026-05-02","All","All","All","GA","Weekly Rate","Rate per 100,000","Observed",0.5
"2025-26","Week Ending Date","2026-05-09","All","All","All","GA","Weekly Rate","Rate per 100,000","Observed",0.3
"2025-26","Week Ending Date","2026-05-16","All","All","All","GA","Weekly Rate","Rate per 100,000","Observed",0.4
"2025-26","Week Ending Date","2026-05-23","All","All","All","GA","Weekly Rate","Rate per 100,000","Observed",0.3
"2025-26","Week Ending Date","2026-05-30","All","All","All","GA","Weekly Rate","Rate per 100,000","Observed",0.3
"2025-26","Week Ending Date","2026-06-06","All","All","All","GA","Weekly Rate","Rate per 100,000","Observed",0.4
"2025-26","Week Ending Date","2026-06-13","All","All","All","GA","Weekly Rate","Rate per 100,000","Observed",0.3
"2025-26","Week Ending Date","2026-06-20","All","All","All","GA","Weekly Rate","Rate per 100,000","Observed",0.2
"2025-26","Week Ending Date","2026-06-27","All","All","All","GA","Weekly Rate","Rate per 100,000","Observed",0.2
"2025-26","Week Ending Date","2026-07-04","All","All","All","GA","Weekly Rate","Rate per 100,000","Observed",0.3
"2025-26","Week Ending Date","2026-07-11","All","All","All","GA","Weekly Rate","Rate per 100,000","Observed",0.3
"2025-26","Week Ending Date","2026-07-18","All","All","All","GA","Weekly Rate","Rate per 100,000","Observed",0.4
"2025-26","Week Ending Date","2026-07-25","All","All","All","GA","Weekly Rate","Rate per 100,000","Observed",0.4
"2025-26","Week Ending Date","2026-08-01","All","All","All","GA","Weekly Rate","Rate per 100,000","Observed",1
"2025-26","Week Ending Date","2026-08-08","All","All","All","GA","Weekly Rate","Rate per 100,000","Observed",1
"2025-26","Week Ending Date","2026-08-15","All","All","All","GA","Weekly Rate","Rate per 100,000","Observed",1.2
"2025-26","Week Ending Date","2026-08-22","All","All","All","GA","Weekly Rate","Rate per 100,000","Observed",0.4
