"predictor_week","target_week","weekly_rate_current","wastewater_t","wastewater_t_minus_1","wastewater_t_minus_2","wastewater_t_minus_3","predicted_rate","actual_rate","error","abs_error","is_future","is_latest_forecast","generated_at_utc"
2022-05-21,2022-06-04,5.4,6.255,8.94,12.06,22.945,3.99541251922191,7.2,3.20458748077809,3.20458748077809,FALSE,FALSE,"2026-09-26T23:03:41Z"
2022-05-28,2022-06-11,6.1,19.795,6.255,8.94,12.06,9.15944627220484,7.1,-2.05944627220484,2.05944627220484,FALSE,FALSE,"2026-09-26T23:03:41Z"
2022-06-04,2022-06-18,7.2,18.435,19.795,6.255,8.94,7.14486143677296,8.5,1.35513856322704,1.35513856322704,FALSE,FALSE,"2026-09-26T23:03:41Z"
2022-06-11,2022-06-25,7.1,6.84,18.435,19.795,6.255,5.04180283507245,9.9,4.85819716492755,4.85819716492755,FALSE,FALSE,"2026-09-26T23:03:41Z"
2022-06-18,2022-07-02,8.5,5.26,6.84,18.435,19.795,3.53755419768462,10.1,6.56244580231538,6.56244580231538,FALSE,FALSE,"2026-09-26T23:03:41Z"
2022-06-25,2022-07-09,9.9,5.67,5.26,6.84,18.435,8.31262214207759,11.6,3.28737785792241,3.28737785792241,FALSE,FALSE,"2026-09-26T23:03:41Z"
2022-07-02,2022-07-16,10.1,15.92,5.67,5.26,6.84,11.6182198284819,13.1,1.48178017151809,1.48178017151809,FALSE,FALSE,"2026-09-26T23:03:41Z"
2022-07-09,2022-07-23,11.6,11.745,15.92,5.67,5.26,10.6080739838745,14.1,3.49192601612552,3.49192601612552,FALSE,FALSE,"2026-09-26T23:03:41Z"
2022-07-16,2022-07-30,13.1,14.39,11.745,15.92,5.67,11.0269973237285,13.6,2.57300267627149,2.57300267627149,FALSE,FALSE,"2026-09-26T23:03:41Z"
2022-07-23,2022-08-06,14.1,19.57,14.39,11.745,15.92,13.5567354912338,13.8,0.243264508766213,0.243264508766213,FALSE,FALSE,"2026-09-26T23:03:41Z"
2022-07-30,2022-08-13,13.6,14.95,19.57,14.39,11.745,11.9907270223288,12.8,0.80927297767118,0.80927297767118,FALSE,FALSE,"2026-09-26T23:03:41Z"
2022-08-06,2022-08-20,13.8,16.39,14.95,19.57,14.39,10.8251147059115,11.9,1.07488529408854,1.07488529408854,FALSE,FALSE,"2026-09-26T23:03:41Z"
2022-08-13,2022-08-27,12.8,11.35,16.39,14.95,19.57,10.7643961204802,12.9,2.13560387951985,2.13560387951985,FALSE,FALSE,"2026-09-26T23:03:41Z"
2022-08-20,2022-09-03,11.9,13.38,11.35,16.39,14.95,9.42283879496875,9.9,0.477161205031253,0.477161205031253,FALSE,FALSE,"2026-09-26T23:03:41Z"
2022-08-27,2022-09-10,12.9,13.565,13.38,11.35,16.39,11.0439976466686,7.8,-3.24399764666861,3.24399764666861,FALSE,FALSE,"2026-09-26T23:03:41Z"
2022-09-03,2022-09-17,9.9,11.19,13.565,13.38,11.35,8.38296498748966,5.8,-2.58296498748966,2.58296498748966,FALSE,FALSE,"2026-09-26T23:03:41Z"
2022-09-10,2022-09-24,7.8,7.8,11.19,13.565,13.38,5.9385142688629,5.6,-0.338514268862897,0.338514268862897,FALSE,FALSE,"2026-09-26T23:03:41Z"
2022-09-17,2022-10-01,5.8,6.03,7.8,11.19,13.565,4.20583754837388,4.5,0.294162451626116,0.294162451626116,FALSE,FALSE,"2026-09-26T23:03:41Z"
2022-09-24,2022-10-08,5.6,5.92,6.03,7.8,11.19,4.61646015540872,3.9,-0.716460155408715,0.716460155408715,FALSE,FALSE,"2026-09-26T23:03:41Z"
2022-10-01,2022-10-15,4.5,4.36,5.92,6.03,7.8,4.07910040019237,3.9,-0.179100400192372,0.179100400192372,FALSE,FALSE,"2026-09-26T23:03:41Z"
2022-10-08,2022-10-22,3.9,4.635,4.36,5.92,6.03,3.35611559936268,4,0.643884400637316,0.643884400637316,FALSE,FALSE,"2026-09-26T23:03:41Z"
2022-10-15,2022-10-29,3.9,5.15,4.635,4.36,5.92,3.90206906136512,4.8,0.897930938634882,0.897930938634882,FALSE,FALSE,"2026-09-26T23:03:41Z"
2022-10-22,2022-11-05,4,5.22,5.15,4.635,4.36,3.82159128477546,4.8,0.978408715224536,0.978408715224536,FALSE,FALSE,"2026-09-26T23:03:41Z"
2022-10-29,2022-11-12,4.8,6.66,5.22,5.15,4.635,4.83191265037455,4.3,-0.531912650374545,0.531912650374545,FALSE,FALSE,"2026-09-26T23:03:41Z"
2022-11-05,2022-11-19,4.8,9.27,6.66,5.22,5.15,5.34331157442312,4,-1.34331157442312,1.34331157442312,FALSE,FALSE,"2026-09-26T23:03:41Z"
2022-11-12,2022-11-26,4.3,7.5,9.27,6.66,5.22,4.32150909463405,5.6,1.27849090536595,1.27849090536595,FALSE,FALSE,"2026-09-26T23:03:41Z"
2022-11-19,2022-12-03,4,6.32,7.5,9.27,6.66,3.14825208269022,7.4,4.25174791730978,4.25174791730978,FALSE,FALSE,"2026-09-26T23:03:41Z"
2022-11-26,2022-12-10,5.6,10.95,6.32,7.5,9.27,6.23662250466787,8.6,2.36337749533213,2.36337749533213,FALSE,FALSE,"2026-09-26T23:03:41Z"
2022-12-03,2022-12-17,7.4,17.13,10.95,6.32,7.5,8.73646333873621,9.1,0.363536661263787,0.363536661263787,FALSE,FALSE,"2026-09-26T23:03:41Z"
2022-12-10,2022-12-24,8.6,17.895,17.13,10.95,6.32,8.16599980351266,11.2,3.03400019648734,3.03400019648734,FALSE,FALSE,"2026-09-26T23:03:41Z"
2022-12-17,2022-12-31,9.1,25.85,17.895,17.13,10.95,10.6108639048269,14.1,3.48913609517307,3.48913609517307,FALSE,FALSE,"2026-09-26T23:03:41Z"
2022-12-24,2023-01-07,11.2,24.27,25.85,17.895,17.13,10.183958602634,13.3,3.11604139736598,3.11604139736598,FALSE,FALSE,"2026-09-26T23:03:41Z"
2022-12-31,2023-01-14,14.1,31.095,24.27,25.85,17.895,13.9654291454847,9.7,-4.26542914548465,4.26542914548465,FALSE,FALSE,"2026-09-26T23:03:41Z"
2023-01-07,2023-01-21,13.3,26.9,31.095,24.27,25.85,11.9322811704469,8.4,-3.53228117044689,3.53228117044689,FALSE,FALSE,"2026-09-26T23:03:41Z"
2023-01-14,2023-01-28,9.7,20.13,26.9,31.095,24.27,6.72467967156622,7.8,1.07532032843378,1.07532032843378,FALSE,FALSE,"2026-09-26T23:03:41Z"
2023-01-21,2023-02-04,8.4,24.94,20.13,26.9,31.095,7.583871862169,7.2,-0.383871862168997,0.383871862168997,FALSE,FALSE,"2026-09-26T23:03:41Z"
2023-01-28,2023-02-11,7.8,21.44,24.94,20.13,26.9,7.44337892080978,6.3,-1.14337892080978,1.14337892080978,FALSE,FALSE,"2026-09-26T23:03:41Z"
2023-02-04,2023-02-18,7.2,15.595,21.44,24.94,20.13,4.88395065292821,5.7,0.816049347071795,0.816049347071795,FALSE,FALSE,"2026-09-26T23:03:41Z"
2023-02-11,2023-02-25,6.3,17.175,15.595,21.44,24.94,4.61503380573895,5.8,1.18496619426105,1.18496619426105,FALSE,FALSE,"2026-09-26T23:03:41Z"
2023-02-18,2023-03-04,5.7,12.41,17.175,15.595,21.44,5.13603892773205,4.5,-0.636038927732048,0.636038927732048,FALSE,FALSE,"2026-09-26T23:03:41Z"
2023-02-25,2023-03-11,5.8,14.46,12.41,17.175,15.595,4.54371636002515,3.7,-0.843716360025151,0.843716360025151,FALSE,FALSE,"2026-09-26T23:03:41Z"
2023-03-04,2023-03-18,4.5,8.81,14.46,12.41,17.175,4.10076632676266,3.3,-0.800766326762664,0.800766326762664,FALSE,FALSE,"2026-09-26T23:03:41Z"
2023-03-11,2023-03-25,3.7,5.79,8.81,14.46,12.41,1.40344422680406,2.8,1.39655577319594,1.39655577319594,FALSE,FALSE,"2026-09-26T23:03:41Z"
2023-03-18,2023-04-01,3.3,6.46,5.79,8.81,14.46,2.51962998419307,2.8,0.280370015806929,0.280370015806929,FALSE,FALSE,"2026-09-26T23:03:41Z"
2023-03-25,2023-04-08,2.8,11.05,6.46,5.79,8.81,4.07999676837047,2,-2.07999676837047,2.07999676837047,FALSE,FALSE,"2026-09-26T23:03:41Z"
2023-04-01,2023-04-15,2.8,6.36,11.05,6.46,5.79,3.09062968611246,2.4,-0.69062968611246,0.69062968611246,FALSE,FALSE,"2026-09-26T23:03:41Z"
2023-04-08,2023-04-22,2,6.83,6.36,11.05,6.46,0.747303377626851,2.2,1.45269662237315,1.45269662237315,FALSE,FALSE,"2026-09-26T23:03:41Z"
2023-04-15,2023-04-29,2.4,6.76,6.83,6.36,11.05,2.48658597890368,2.2,-0.286585978903676,0.286585978903676,FALSE,FALSE,"2026-09-26T23:03:41Z"
2023-04-22,2023-05-06,2.2,5.34,6.76,6.83,6.36,2.00970796458166,2.3,0.29029203541834,0.29029203541834,FALSE,FALSE,"2026-09-26T23:03:41Z"
2023-04-29,2023-05-13,2.2,6.38,5.34,6.76,6.83,2.19065713089958,2.2,0.00934286910041893,0.00934286910041893,FALSE,FALSE,"2026-09-26T23:03:41Z"
2023-05-06,2023-05-20,2.3,5.95,6.38,5.34,6.76,2.35233702118228,1.7,-0.652337021182279,0.652337021182279,FALSE,FALSE,"2026-09-26T23:03:41Z"
2023-05-13,2023-05-27,2.2,6.875,5.95,6.38,5.34,2.45081430074083,1.7,-0.750814300740834,0.750814300740834,FALSE,FALSE,"2026-09-26T23:03:41Z"
2023-05-20,2023-06-03,1.7,4.75,6.875,5.95,6.38,1.86502389164848,1.1,-0.76502389164848,0.76502389164848,FALSE,FALSE,"2026-09-26T23:03:41Z"
2023-05-27,2023-06-10,1.7,4.05,4.75,6.875,5.95,1.1273794046327,1.3,0.172620595367296,0.172620595367296,FALSE,FALSE,"2026-09-26T23:03:41Z"
2023-06-03,2023-06-17,1.1,5.03,4.05,4.75,6.875,1.633937494341,1.2,-0.433937494341002,0.433937494341002,FALSE,FALSE,"2026-09-26T23:03:41Z"
2023-06-10,2023-06-24,1.3,3.15,5.03,4.05,4.75,1.60577844970018,1.6,-0.00577844970017494,0.00577844970017494,FALSE,FALSE,"2026-09-26T23:03:41Z"
2023-06-17,2023-07-01,1.2,3.34,3.15,5.03,4.05,0.970028613108745,1.4,0.429971386891255,0.429971386891255,FALSE,FALSE,"2026-09-26T23:03:41Z"
2023-06-24,2023-07-08,1.6,4.63,3.34,3.15,5.03,2.24360498354735,1.3,-0.943604983547354,0.943604983547354,FALSE,FALSE,"2026-09-26T23:03:41Z"
2023-07-01,2023-07-15,1.4,6.29,4.63,3.34,3.15,2.34769233202905,1.5,-0.847692332029046,0.847692332029046,FALSE,FALSE,"2026-09-26T23:03:41Z"
2023-07-08,2023-07-22,1.3,6.67,6.29,4.63,3.34,1.95463012818251,2.1,0.145369871817488,0.145369871817488,FALSE,FALSE,"2026-09-26T23:03:41Z"
2023-07-15,2023-07-29,1.5,8.245,6.67,6.29,4.63,2.46901222534856,2.6,0.130987774651445,0.130987774651445,FALSE,FALSE,"2026-09-26T23:03:41Z"
2023-07-22,2023-08-05,2.1,8.77,8.245,6.67,6.29,2.68131761315924,3.8,1.11868238684076,1.11868238684076,FALSE,FALSE,"2026-09-26T23:03:41Z"
2023-07-29,2023-08-12,2.6,8.17,8.77,8.245,6.67,2.90992408518027,3.7,0.790075914819729,0.790075914819729,FALSE,FALSE,"2026-09-26T23:03:41Z"
2023-08-05,2023-08-19,3.8,9.145,8.17,8.77,8.245,3.95075088263799,4.7,0.749249117362006,0.749249117362006,FALSE,FALSE,"2026-09-26T23:03:41Z"
2023-08-12,2023-08-26,3.7,11.97,9.145,8.17,8.77,4.6746701216703,6.5,1.8253298783297,1.8253298783297,FALSE,FALSE,"2026-09-26T23:03:41Z"
2023-08-19,2023-09-02,4.7,15.38,11.97,9.145,8.17,5.88839990054942,5.2,-0.688399900549419,0.688399900549419,FALSE,FALSE,"2026-09-26T23:03:41Z"
2023-08-26,2023-09-09,6.5,11.315,15.38,11.97,9.145,6.33218481461581,4.1,-2.23218481461581,2.23218481461581,FALSE,FALSE,"2026-09-26T23:03:41Z"
2023-09-02,2023-09-16,5.2,10.37,11.315,15.38,11.97,3.59758089796739,3.9,0.302419102032611,0.302419102032611,FALSE,FALSE,"2026-09-26T23:03:41Z"
2023-09-09,2023-09-23,4.1,7.88,10.37,11.315,15.38,3.69844300051841,3.4,-0.29844300051841,0.29844300051841,FALSE,FALSE,"2026-09-26T23:03:41Z"
2023-09-16,2023-09-30,3.9,9.76,7.88,10.37,11.315,3.95879065759068,2.8,-1.15879065759068,1.15879065759068,FALSE,FALSE,"2026-09-26T23:03:41Z"
2023-09-23,2023-10-07,3.4,6.665,9.76,7.88,10.37,3.61669967258616,2.5,-1.11669967258616,1.11669967258616,FALSE,FALSE,"2026-09-26T23:03:41Z"
2023-09-30,2023-10-14,2.8,5.265,6.665,9.76,7.88,1.89972854063614,2.7,0.800271459363862,0.800271459363862,FALSE,FALSE,"2026-09-26T23:03:41Z"
2023-10-07,2023-10-21,2.5,6.51,5.265,6.665,9.76,2.8958251858364,2.7,-0.195825185836404,0.195825185836404,FALSE,FALSE,"2026-09-26T23:03:41Z"
2023-10-14,2023-10-28,2.7,5.89,6.51,5.265,6.665,2.93947605779811,2.8,-0.139476057798112,0.139476057798112,FALSE,FALSE,"2026-09-26T23:03:41Z"
2023-10-21,2023-11-04,2.7,5.58,5.89,6.51,5.265,2.60285222226378,2.7,0.0971477777362177,0.0971477777362177,FALSE,FALSE,"2026-09-26T23:03:41Z"
2023-10-28,2023-11-11,2.8,6.89,5.58,5.89,6.51,3.22944174969864,2.8,-0.429441749698643,0.429441749698643,FALSE,FALSE,"2026-09-26T23:03:41Z"
2023-11-04,2023-11-18,2.7,6.96,6.89,5.58,5.89,2.87318323758182,3.3,0.426816762418179,0.426816762418179,FALSE,FALSE,"2026-09-26T23:03:41Z"
2023-11-11,2023-11-25,2.8,11.63,6.96,6.89,5.58,4.36651373683487,2.8,-1.56651373683487,1.56651373683487,FALSE,FALSE,"2026-09-26T23:03:41Z"
2023-11-18,2023-12-02,3.3,8.3,11.63,6.96,6.89,3.75367722261369,3.3,-0.453677222613693,0.453677222613693,FALSE,FALSE,"2026-09-26T23:03:41Z"
2023-11-25,2023-12-09,2.8,7.37,8.3,11.63,6.96,1.78588242744606,4.2,2.41411757255394,2.41411757255394,FALSE,FALSE,"2026-09-26T23:03:41Z"
2023-12-02,2023-12-16,3.3,10.64,7.37,8.3,11.63,4.14394188470136,4.8,0.656058115298637,0.656058115298637,FALSE,FALSE,"2026-09-26T23:03:41Z"
2023-12-09,2023-12-23,4.2,10.95,10.64,7.37,8.3,4.17907538597951,6.3,2.12092461402049,2.12092461402049,FALSE,FALSE,"2026-09-26T23:03:41Z"
2023-12-16,2023-12-30,4.8,9.51,10.95,10.64,7.37,4.39358886701818,9,4.60641113298182,4.60641113298182,FALSE,FALSE,"2026-09-26T23:03:41Z"
2023-12-23,2024-01-06,6.3,19.375,9.51,10.95,10.64,8.4102601675264,8.1,-0.310260167526403,0.310260167526403,FALSE,FALSE,"2026-09-26T23:03:41Z"
2023-12-30,2024-01-13,9,18.78,19.375,9.51,10.95,8.23326496327934,7.4,-0.833264963279341,0.833264963279341,FALSE,FALSE,"2026-09-26T23:03:41Z"
2024-01-06,2024-01-20,8.1,23.76,18.78,19.375,9.51,8.88296544843169,8.1,-0.782965448431694,0.782965448431694,FALSE,FALSE,"2026-09-26T23:03:41Z"
2024-01-13,2024-01-27,7.4,14.87,23.76,18.78,19.375,6.85837147112714,7.9,1.04162852887286,1.04162852887286,FALSE,FALSE,"2026-09-26T23:03:41Z"
2024-01-20,2024-02-03,8.1,19.93,14.87,23.76,18.78,6.5823378346689,6.4,-0.182337834668898,0.182337834668898,FALSE,FALSE,"2026-09-26T23:03:41Z"
2024-01-27,2024-02-10,7.9,19.62,19.93,14.87,23.76,7.21729341111264,7,-0.217293411112635,0.217293411112635,FALSE,FALSE,"2026-09-26T23:03:41Z"
2024-02-03,2024-02-17,6.4,19.43,19.62,19.93,14.87,5.80928082744226,5.7,-0.109280827442261,0.109280827442261,FALSE,FALSE,"2026-09-26T23:03:41Z"
2024-02-10,2024-02-24,7,16.54,19.43,19.62,19.93,5.86297925666956,5.8,-0.0629792566695615,0.0629792566695615,FALSE,FALSE,"2026-09-26T23:03:41Z"
2024-02-17,2024-03-02,5.7,15.11,16.54,19.43,19.62,4.14304496151801,5.1,0.956955038481988,0.956955038481988,FALSE,FALSE,"2026-09-26T23:03:41Z"
2024-02-24,2024-03-09,5.8,13.58,15.11,16.54,19.43,4.6704567600212,4.1,-0.5704567600212,0.5704567600212,FALSE,FALSE,"2026-09-26T23:03:41Z"
2024-03-02,2024-03-16,5.1,12.585,13.58,15.11,16.54,4.04889928346241,3,-1.04889928346241,1.04889928346241,FALSE,FALSE,"2026-09-26T23:03:41Z"
2024-03-09,2024-03-23,4.1,8.88,12.585,13.58,15.11,3.16947844884637,2.5,-0.66947844884637,0.66947844884637,FALSE,FALSE,"2026-09-26T23:03:41Z"
2024-03-16,2024-03-30,3,6.06,8.88,12.585,13.58,1.52487671968891,1.9,0.375123280311086,0.375123280311086,FALSE,FALSE,"2026-09-26T23:03:41Z"
2024-03-23,2024-04-06,2.5,5.54,6.06,8.88,12.585,1.55174558824655,1.7,0.148254411753452,0.148254411753452,FALSE,FALSE,"2026-09-26T23:03:41Z"
2024-03-30,2024-04-13,1.9,5.03,5.54,6.06,8.88,1.76355370690543,1.2,-0.563553706905433,0.563553706905433,FALSE,FALSE,"2026-09-26T23:03:41Z"
2024-04-06,2024-04-20,1.7,4.48,5.03,5.54,6.06,1.51929329233245,1,-0.519293292332449,0.519293292332449,FALSE,FALSE,"2026-09-26T23:03:41Z"
2024-04-13,2024-04-27,1.2,3.14,4.48,5.03,5.54,1.05261627702377,1,-0.0526162770237679,0.0526162770237679,FALSE,FALSE,"2026-09-26T23:03:41Z"
2024-04-20,2024-05-04,1,2.5,3.14,4.48,5.03,0.701921761833745,0.8,0.0980782381662554,0.0980782381662554,FALSE,FALSE,"2026-09-26T23:03:41Z"
2024-04-27,2024-05-11,1,3.32,2.5,3.14,4.48,1.31698436693758,0.5,-0.816984366937576,0.816984366937576,FALSE,FALSE,"2026-09-26T23:03:41Z"
2024-05-04,2024-05-18,0.8,1.95,3.32,2.5,3.14,1.0539467153342,0.8,-0.253946715334197,0.253946715334197,FALSE,FALSE,"2026-09-26T23:03:41Z"
2024-05-11,2024-05-25,0.5,1.88,1.95,3.32,2.5,0.327316428753027,0.8,0.472683571246973,0.472683571246973,FALSE,FALSE,"2026-09-26T23:03:41Z"
2024-05-18,2024-06-01,0.8,2.465,1.88,1.95,3.32,1.21651831810466,1.1,-0.116518318104662,0.116518318104662,FALSE,FALSE,"2026-09-26T23:03:41Z"
2024-05-25,2024-06-08,0.8,2.95,2.465,1.88,1.95,1.24509634990878,1.3,0.0549036500912161,0.0549036500912161,FALSE,FALSE,"2026-09-26T23:03:41Z"
2024-06-01,2024-06-15,1.1,3.73,2.95,2.465,1.88,1.61810919231403,1.2,-0.418109192314027,0.418109192314027,FALSE,FALSE,"2026-09-26T23:03:41Z"
2024-06-08,2024-06-22,1.3,4.95,3.73,2.95,2.465,1.97884773225867,1.7,-0.278847732258668,0.278847732258668,FALSE,FALSE,"2026-09-26T23:03:41Z"
2024-06-15,2024-06-29,1.2,4.76,4.95,3.73,2.95,1.59008278561021,2,0.409917214389792,0.409917214389792,FALSE,FALSE,"2026-09-26T23:03:41Z"
2024-06-22,2024-07-06,1.7,5.315,4.76,4.95,3.73,2.08041007182892,2.3,0.219589928171082,0.219589928171082,FALSE,FALSE,"2026-09-26T23:03:41Z"
2024-06-29,2024-07-13,2,7.1,5.315,4.76,4.95,2.77930855086523,2.8,0.0206914491347727,0.0206914491347727,FALSE,FALSE,"2026-09-26T23:03:41Z"
2024-07-06,2024-07-20,2.3,7.16,7.1,5.315,4.76,2.57963605942272,3.1,0.520363940577276,0.520363940577276,FALSE,FALSE,"2026-09-26T23:03:41Z"
2024-07-13,2024-07-27,2.8,8.55,7.16,7.1,5.315,3.36470883793944,4.1,0.73529116206056,0.73529116206056,FALSE,FALSE,"2026-09-26T23:03:41Z"
2024-07-20,2024-08-03,3.1,9.31,8.55,7.16,7.1,3.4977553516819,5.2,1.7022446483181,1.7022446483181,FALSE,FALSE,"2026-09-26T23:03:41Z"
2024-07-27,2024-08-10,4.1,11.875,9.31,8.55,7.16,4.880204673139,6.2,1.319795326861,1.319795326861,FALSE,FALSE,"2026-09-26T23:03:41Z"
2024-08-03,2024-08-17,5.2,15.08,11.875,9.31,8.55,6.1396213363985,6.1,-0.0396213363984979,0.0396213363984979,FALSE,FALSE,"2026-09-26T23:03:41Z"
2024-08-10,2024-08-24,6.2,15.95,15.08,11.875,9.31,6.29717557165461,5.6,-0.697175571654607,0.697175571654607,FALSE,FALSE,"2026-09-26T23:03:41Z"
2024-08-17,2024-08-31,6.1,17.08,15.95,15.08,11.875,6.25863968199304,4.8,-1.45863968199304,1.45863968199304,FALSE,FALSE,"2026-09-26T23:03:41Z"
2024-08-24,2024-09-07,5.6,13.885,17.08,15.95,15.08,5.33347061796871,3.9,-1.43347061796871,1.43347061796871,FALSE,FALSE,"2026-09-26T23:03:41Z"
2024-08-31,2024-09-14,4.8,13.505,13.885,17.08,15.95,3.67442327755169,3,-0.674423277551691,0.674423277551691,FALSE,FALSE,"2026-09-26T23:03:41Z"
2024-09-07,2024-09-21,3.9,9.395,13.505,13.885,17.08,3.59420919147796,1.7,-1.89420919147796,1.89420919147796,FALSE,FALSE,"2026-09-26T23:03:41Z"
2024-09-14,2024-09-28,3,7.085,9.395,13.505,13.885,1.82843979905267,1.9,0.0715602009473313,0.0715602009473313,FALSE,FALSE,"2026-09-26T23:03:41Z"
2024-09-21,2024-10-05,1.7,5.17,7.085,9.395,13.505,1.44161242906153,1.5,0.0583875709384714,0.0583875709384714,FALSE,FALSE,"2026-09-26T23:03:41Z"
2024-09-28,2024-10-12,1.9,3.47,5.17,7.085,9.395,1.60136615821137,1.5,-0.101366158211369,0.101366158211369,FALSE,FALSE,"2026-09-26T23:03:41Z"
2024-10-05,2024-10-19,1.5,3.28,3.47,5.17,7.085,1.38455357010586,1.1,-0.284553570105862,0.284553570105862,FALSE,FALSE,"2026-09-26T23:03:41Z"
2024-10-12,2024-10-26,1.5,3.98,3.28,3.47,5.17,2.07994230869895,1.1,-0.979942308698947,0.979942308698947,FALSE,FALSE,"2026-09-26T23:03:41Z"
2024-10-19,2024-11-02,1.1,3.915,3.98,3.28,3.47,1.57663613798007,1.2,-0.376636137980072,0.376636137980072,FALSE,FALSE,"2026-09-26T23:03:41Z"
2024-10-26,2024-11-09,1.1,3.395,3.915,3.98,3.28,1.46773305219002,1,-0.467733052190017,0.467733052190017,FALSE,FALSE,"2026-09-26T23:03:41Z"
2024-11-02,2024-11-16,1.2,2.99,3.395,3.915,3.98,1.39046607376599,0.7,-0.690466073765992,0.690466073765992,FALSE,FALSE,"2026-09-26T23:03:41Z"
2024-11-09,2024-11-23,1,2.09,2.99,3.395,3.915,1.21050082776913,0.7,-0.510500827769129,0.510500827769129,FALSE,FALSE,"2026-09-26T23:03:41Z"
2024-11-16,2024-11-30,0.7,1.83,2.09,2.99,3.395,0.835547935456418,0.8,-0.0355479354564183,0.0355479354564183,FALSE,FALSE,"2026-09-26T23:03:41Z"
2024-11-23,2024-12-07,0.7,2.125,1.83,2.09,2.99,1.16079191795075,1.2,0.0392080820492506,0.0392080820492506,FALSE,FALSE,"2026-09-26T23:03:41Z"
2024-11-30,2024-12-14,0.8,2.36,2.125,1.83,2.09,1.23770233970827,1.7,0.462297660291732,0.462297660291732,FALSE,FALSE,"2026-09-26T23:03:41Z"
2024-12-07,2024-12-21,1.2,2.45,2.36,2.125,1.83,1.483741597278,1.6,0.116258402722003,0.116258402722003,FALSE,FALSE,"2026-09-26T23:03:41Z"
2024-12-14,2024-12-28,1.7,3.24,2.45,2.36,2.125,2.05478594306117,2.2,0.145214056938828,0.145214056938828,FALSE,FALSE,"2026-09-26T23:03:41Z"
2024-12-21,2025-01-04,1.6,4.92,3.24,2.45,2.36,2.32352303401037,3.2,0.876476965989633,0.876476965989633,FALSE,FALSE,"2026-09-26T23:03:41Z"
2024-12-28,2025-01-11,2.2,4.64,4.92,3.24,2.45,2.32028927563542,2.6,0.279710724364584,0.279710724364584,FALSE,FALSE,"2026-09-26T23:03:41Z"
2025-01-04,2025-01-18,3.2,7.29,4.64,4.92,3.24,3.76973969969255,2.6,-1.16973969969255,1.16973969969255,FALSE,FALSE,"2026-09-26T23:03:41Z"
2025-01-11,2025-01-25,2.6,7.11,7.29,4.64,4.92,2.65779942008302,2.4,-0.257799420083019,0.257799420083019,FALSE,FALSE,"2026-09-26T23:03:41Z"
2025-01-18,2025-02-01,2.6,7.16,7.11,7.29,4.64,2.57134641173541,3.2,0.628653588264591,0.628653588264591,FALSE,FALSE,"2026-09-26T23:03:41Z"
2025-01-25,2025-02-08,2.4,7.38,7.16,7.11,7.29,2.41313963995438,3.2,0.786860360045619,0.786860360045619,FALSE,FALSE,"2026-09-26T23:03:41Z"
2025-02-01,2025-02-15,3.2,8,7.38,7.16,7.11,3.15530633974453,2.4,-0.75530633974453,0.75530633974453,FALSE,FALSE,"2026-09-26T23:03:41Z"
2025-02-08,2025-02-22,3.2,9.67,8,7.38,7.16,3.53520976897239,3.2,-0.335209768972391,0.335209768972391,FALSE,FALSE,"2026-09-26T23:03:41Z"
2025-02-15,2025-03-01,2.4,8.175,9.67,8,7.38,2.52598940762882,3.2,0.674010592371183,0.674010592371183,FALSE,FALSE,"2026-09-26T23:03:41Z"
2025-02-22,2025-03-08,3.2,9.36,8.175,9.67,8,3.02717968405424,3.1,0.0728203159457608,0.0728203159457608,FALSE,FALSE,"2026-09-26T23:03:41Z"
2025-03-01,2025-03-15,3.2,8.24,9.36,8.175,9.67,3.06794616104552,3.3,0.232053838954484,0.232053838954484,FALSE,FALSE,"2026-09-26T23:03:41Z"
2025-03-08,2025-03-22,3.1,7.215,8.24,9.36,8.175,2.42935819193033,2.6,0.17064180806967,0.17064180806967,FALSE,FALSE,"2026-09-26T23:03:41Z"
2025-03-15,2025-03-29,3.3,8.8,7.215,8.24,9.36,3.3287239634753,2.3,-1.0287239634753,1.0287239634753,FALSE,FALSE,"2026-09-26T23:03:41Z"
2025-03-22,2025-04-05,2.6,8.13,8.8,7.215,8.24,2.59412477218667,2.1,-0.494124772186671,0.494124772186671,FALSE,FALSE,"2026-09-26T23:03:41Z"
2025-03-29,2025-04-12,2.3,8.71,8.13,8.8,7.215,2.33021125917112,1.8,-0.530211259171121,0.530211259171121,FALSE,FALSE,"2026-09-26T23:03:41Z"
2025-04-05,2025-04-19,2.1,6.955,8.71,8.13,8.8,2.08128227765839,1.9,-0.181282277658389,0.181282277658389,FALSE,FALSE,"2026-09-26T23:03:41Z"
2025-04-12,2025-04-26,1.8,3.855,6.955,8.71,8.13,1.08149565797478,1.9,0.818504342025218,0.818504342025218,FALSE,FALSE,"2026-09-26T23:03:41Z"
2025-04-19,2025-05-03,1.9,4.145,3.855,6.955,8.71,1.07802558126684,1.1,0.021974418733163,0.021974418733163,FALSE,FALSE,"2026-09-26T23:03:41Z"
2025-04-26,2025-05-10,1.9,3.49,4.145,3.855,6.955,1.96089593176129,0.9,-1.06089593176129,1.06089593176129,FALSE,FALSE,"2026-09-26T23:03:41Z"
2025-05-03,2025-05-17,1.1,2.125,3.49,4.145,3.855,0.944210944584028,1,0.0557890554159719,0.0557890554159719,FALSE,FALSE,"2026-09-26T23:03:41Z"
2025-05-10,2025-05-24,0.9,2.4,2.125,3.49,4.145,0.80938434367846,0.7,-0.10938434367846,0.10938434367846,FALSE,FALSE,"2026-09-26T23:03:41Z"
2025-05-17,2025-05-31,1,2.85,2.4,2.125,3.49,1.36329739856315,0.8,-0.563297398563146,0.563297398563146,FALSE,FALSE,"2026-09-26T23:03:41Z"
2025-05-24,2025-06-07,0.7,2.95,2.85,2.4,2.125,1.04812346285808,0.9,-0.148123462858082,0.148123462858082,FALSE,FALSE,"2026-09-26T23:03:41Z"
2025-05-31,2025-06-14,0.8,2.02,2.95,2.85,2.4,1.0200456326156,0.7,-0.320045632615601,0.320045632615601,FALSE,FALSE,"2026-09-26T23:03:41Z"
2025-06-07,2025-06-21,0.9,2.96,2.02,2.95,2.85,1.29031952631614,0.9,-0.390319526316143,0.390319526316143,FALSE,FALSE,"2026-09-26T23:03:41Z"
2025-06-14,2025-06-28,0.7,2.48,2.96,2.02,2.95,1.13217973398531,1.2,0.0678202660146923,0.0678202660146923,FALSE,FALSE,"2026-09-26T23:03:41Z"
2025-06-21,2025-07-05,0.9,3.32,2.48,2.96,2.02,1.43018304876717,0.9,-0.530183048767171,0.530183048767171,FALSE,FALSE,"2026-09-26T23:03:41Z"
2025-06-28,2025-07-12,1.2,2.545,3.32,2.48,2.96,1.56091045685849,1.3,-0.260910456858493,0.260910456858493,FALSE,FALSE,"2026-09-26T23:03:41Z"
2025-07-05,2025-07-19,0.9,2.865,2.545,3.32,2.48,1.18404378249737,1.5,0.315956217502634,0.315956217502634,FALSE,FALSE,"2026-09-26T23:03:41Z"
2025-07-12,2025-07-26,1.3,4.09,2.865,2.545,3.32,2.01374047904556,2,-0.0137404790455622,0.0137404790455622,FALSE,FALSE,"2026-09-26T23:03:41Z"
2025-07-19,2025-08-02,1.5,2.61,4.09,2.865,2.545,1.9000980598148,1.8,-0.100098059814797,0.100098059814797,FALSE,FALSE,"2026-09-26T23:03:41Z"
2025-07-26,2025-08-09,2,3.27,2.61,4.09,2.865,2.02349565685116,2.6,0.576504343148839,0.576504343148839,FALSE,FALSE,"2026-09-26T23:03:41Z"
2025-08-02,2025-08-16,1.8,3.65,3.27,2.61,4.09,2.22007677817707,3.1,0.879923221822932,0.879923221822932,FALSE,FALSE,"2026-09-26T23:03:41Z"
2025-08-09,2025-08-23,2.6,4.275,3.65,3.27,2.61,2.92695772557725,3.6,0.673042274422754,0.673042274422754,FALSE,FALSE,"2026-09-26T23:03:41Z"
2025-08-16,2025-08-30,3.1,5.32,4.275,3.65,3.27,3.48335412633269,3.3,-0.183354126332694,0.183354126332694,FALSE,FALSE,"2026-09-26T23:03:41Z"
2025-08-23,2025-09-06,3.6,5.96,5.32,4.275,3.65,3.80193705004646,3,-0.801937050046465,0.801937050046465,FALSE,FALSE,"2026-09-26T23:03:41Z"
2025-08-30,2025-09-13,3.3,5.9,5.96,5.32,4.275,3.3740917614239,2.4,-0.974091761423903,0.974091761423903,FALSE,FALSE,"2026-09-26T23:03:41Z"
2025-09-06,2025-09-20,3,7.8,5.9,5.96,5.32,3.68793760324548,1.5,-2.18793760324548,2.18793760324548,FALSE,FALSE,"2026-09-26T23:03:41Z"
2025-09-13,2025-09-27,2.4,6.59,7.8,5.9,5.96,2.843602372857,1.5,-1.343602372857,1.343602372857,FALSE,FALSE,"2026-09-26T23:03:41Z"
2025-09-20,2025-10-04,1.5,3.225,6.59,7.8,5.9,1.32067518808796,1.2,-0.120675188087959,0.120675188087959,FALSE,FALSE,"2026-09-26T23:03:41Z"
2025-09-27,2025-10-11,1.5,2.125,3.225,6.59,7.8,0.80901876090778,0.8,-0.00901876090778031,0.00901876090778031,FALSE,FALSE,"2026-09-26T23:03:41Z"
2025-10-04,2025-10-18,1.2,1.56,2.125,3.225,6.59,1.3353327934254,0.8,-0.535332793425398,0.535332793425398,FALSE,FALSE,"2026-09-26T23:03:41Z"
2025-10-11,2025-10-25,0.8,1.275,1.56,2.125,3.225,1.10278425528878,0.6,-0.502784255288776,0.502784255288776,FALSE,FALSE,"2026-09-26T23:03:41Z"
2025-10-18,2025-11-01,0.8,1.42,1.275,1.56,2.125,1.23462641764535,0.8,-0.434626417645346,0.434626417645346,FALSE,FALSE,"2026-09-26T23:03:41Z"
2025-10-25,2025-11-08,0.6,1.52,1.42,1.275,1.56,1.11361224625336,0.8,-0.31361224625336,0.31361224625336,FALSE,FALSE,"2026-09-26T23:03:41Z"
2025-11-01,2025-11-15,0.8,1.59,1.52,1.42,1.275,1.24238356197943,0.7,-0.542383561979427,0.542383561979427,FALSE,FALSE,"2026-09-26T23:03:41Z"
2025-11-08,2025-11-22,0.8,1.66,1.59,1.52,1.42,1.22254049692083,0.4,-0.822540496920832,0.822540496920832,FALSE,FALSE,"2026-09-26T23:03:41Z"
2025-11-15,2025-11-29,0.7,1.615,1.66,1.59,1.52,1.1057284691207,0.6,-0.505728469120698,0.505728469120698,FALSE,FALSE,"2026-09-26T23:03:41Z"
2025-11-22,2025-12-06,0.4,1.685,1.615,1.66,1.59,0.863642916096842,1,0.136357083903158,0.136357083903158,FALSE,FALSE,"2026-09-26T23:03:41Z"
2025-11-29,2025-12-13,0.6,1.9,1.685,1.615,1.66,1.05292381715751,0.7,-0.352923817157511,0.352923817157511,FALSE,FALSE,"2026-09-26T23:03:41Z"
2025-12-06,2025-12-20,1,1.45,1.9,1.685,1.615,1.26826331484835,0.8,-0.468263314848351,0.468263314848351,FALSE,FALSE,"2026-09-26T23:03:41Z"
2025-12-13,2025-12-27,0.7,2.07,1.45,1.9,1.685,1.12671650168534,1.2,0.0732834983146642,0.0732834983146642,FALSE,FALSE,"2026-09-26T23:03:41Z"
2025-12-20,2026-01-03,0.8,2.535,2.07,1.45,1.9,1.25992094921606,1.2,-0.0599209492160633,0.0599209492160633,FALSE,FALSE,"2026-09-26T23:03:41Z"
2025-12-27,2026-01-10,1.2,3.39,2.535,2.07,1.45,1.69612625489513,0.8,-0.896126254895126,0.896126254895126,FALSE,FALSE,"2026-09-26T23:03:41Z"
2026-01-03,2026-01-17,1.2,3.275,3.39,2.535,2.07,1.4321647576297,0.9,-0.532164757629702,0.532164757629702,FALSE,FALSE,"2026-09-26T23:03:41Z"
2026-01-10,2026-01-24,0.8,3.05,3.275,3.39,2.535,1.00945437164664,1.1,0.0905456283533554,0.0905456283533554,FALSE,FALSE,"2026-09-26T23:03:41Z"
2026-01-17,2026-01-31,0.9,2.01,3.05,3.275,3.39,0.940163719947058,0.8,-0.140163719947058,0.140163719947058,FALSE,FALSE,"2026-09-26T23:03:41Z"
2026-01-24,2026-02-07,1.1,1.44,2.01,3.05,3.275,0.853412725247559,1.1,0.246587274752441,0.246587274752441,FALSE,FALSE,"2026-09-26T23:03:41Z"
2026-01-31,2026-02-14,0.8,2.775,1.44,2.01,3.05,1.2922381083951,1.8,0.507761891604898,0.507761891604898,FALSE,FALSE,"2026-09-26T23:03:41Z"
2026-02-07,2026-02-21,1.1,2.805,2.775,1.44,2.01,1.24548543230566,1.8,0.554514567694338,0.554514567694338,FALSE,FALSE,"2026-09-26T23:03:41Z"
2026-02-14,2026-02-28,1.8,3.2,2.805,2.775,1.44,1.88060158863697,1.3,-0.580601588636972,0.580601588636972,FALSE,FALSE,"2026-09-26T23:03:41Z"
2026-02-21,2026-03-07,1.8,3.57,3.2,2.805,2.775,1.85981776584155,1,-0.859817765841549,0.859817765841549,FALSE,FALSE,"2026-09-26T23:03:41Z"
2026-02-28,2026-03-14,1.3,2.8,3.57,3.2,2.805,1.34508865425569,0.9,-0.445088654255687,0.445088654255687,FALSE,FALSE,"2026-09-26T23:03:41Z"
2026-03-07,2026-03-21,1,3.35,2.8,3.57,3.2,1.10009624763792,1.2,0.0999037523620778,0.0999037523620778,FALSE,FALSE,"2026-09-26T23:03:41Z"
2026-03-14,2026-03-28,0.9,3.005,3.35,2.8,3.57,1.07414607382636,0.9,-0.174146073826357,0.174146073826357,FALSE,FALSE,"2026-09-26T23:03:41Z"
2026-03-21,2026-04-04,1.2,2.78,3.005,3.35,2.8,1.12198519644251,1.1,-0.0219851964425073,0.0219851964425073,FALSE,FALSE,"2026-09-26T23:03:41Z"
2026-03-28,2026-04-11,0.9,3.35,2.78,3.005,3.35,1.16426827074295,0.9,-0.264268270742948,0.264268270742948,FALSE,FALSE,"2026-09-26T23:03:41Z"
2026-04-04,2026-04-18,1.1,2.315,3.35,2.78,3.005,1.20690156157146,0.9,-0.306901561571456,0.306901561571456,FALSE,FALSE,"2026-09-26T23:03:41Z"
2026-04-11,2026-04-25,0.9,2.675,2.315,3.35,2.78,0.868251257972205,0.9,0.0317487420277951,0.0317487420277951,FALSE,FALSE,"2026-09-26T23:03:41Z"
2026-04-18,2026-05-02,0.9,2.67,2.675,2.315,3.35,1.07116791404749,0.5,-0.571167914047494,0.571167914047494,FALSE,FALSE,"2026-09-26T23:03:41Z"
2026-04-25,2026-05-09,0.9,1.675,2.67,2.675,2.315,0.954544865340425,0.3,-0.654544865340425,0.654544865340425,FALSE,FALSE,"2026-09-26T23:03:41Z"
2026-05-02,2026-05-16,0.5,1.57,1.675,2.67,2.675,0.42601638641904,0.4,-0.02601638641904,0.02601638641904,FALSE,FALSE,"2026-09-26T23:03:41Z"
2026-05-09,2026-05-23,0.3,1.11,1.57,1.675,2.67,0.560050742577591,0.3,-0.260050742577591,0.260050742577591,FALSE,FALSE,"2026-09-26T23:03:41Z"
2026-05-16,2026-05-30,0.4,1.345,1.11,1.57,1.675,0.656227305096763,0.3,-0.356227305096763,0.356227305096763,FALSE,FALSE,"2026-09-26T23:03:41Z"
2026-05-23,2026-06-06,0.3,1.22,1.345,1.11,1.57,0.659738023423843,0.4,-0.259738023423843,0.259738023423843,FALSE,FALSE,"2026-09-26T23:03:41Z"
2026-05-30,2026-06-13,0.3,0.92,1.22,1.345,1.11,0.590613100908934,0.3,-0.290613100908934,0.290613100908934,FALSE,FALSE,"2026-09-26T23:03:41Z"
2026-06-06,2026-06-20,0.4,1.24,0.92,1.22,1.345,0.794698828810091,0.2,-0.594698828810091,0.594698828810091,FALSE,FALSE,"2026-09-26T23:03:41Z"
2026-06-13,2026-06-27,0.3,0.7,1.24,0.92,1.22,0.716157095797203,0.2,-0.516157095797203,0.516157095797203,FALSE,FALSE,"2026-09-26T23:03:41Z"
2026-06-20,2026-07-04,0.2,0.99,0.7,1.24,0.92,0.602328798220044,0.3,-0.302328798220044,0.302328798220044,FALSE,FALSE,"2026-09-26T23:03:41Z"
2026-06-27,2026-07-11,0.2,1.16,0.99,0.7,1.24,0.73773399250255,0.3,-0.43773399250255,0.43773399250255,FALSE,FALSE,"2026-09-26T23:03:41Z"
2026-07-04,2026-07-18,0.3,1.02,1.16,0.99,0.7,0.789027105234762,0.4,-0.389027105234762,0.389027105234762,FALSE,FALSE,"2026-09-26T23:03:41Z"
2026-07-11,2026-07-25,0.3,1.54,1.02,1.16,0.99,0.932045187228314,0.4,-0.532045187228314,0.532045187228314,FALSE,FALSE,"2026-09-26T23:03:41Z"
2026-07-18,2026-08-01,0.4,1.925,1.54,1.02,1.16,1.05268624244917,1,-0.0526862424491661,0.0526862424491661,FALSE,FALSE,"2026-09-26T23:03:41Z"
2026-07-25,2026-08-08,0.4,1.795,1.925,1.54,1.02,0.968687933832498,1.1,0.131312066167502,0.131312066167502,FALSE,FALSE,"2026-09-26T23:03:41Z"
2026-08-01,2026-08-15,1,2.895,1.795,1.925,1.54,1.73169456044227,1.3,-0.43169456044227,0.43169456044227,FALSE,FALSE,"2026-09-26T23:03:41Z"
2026-08-08,2026-08-22,1.1,3.175,2.895,1.795,1.925,1.66493453000362,1.3,-0.364934530003618,0.364934530003618,FALSE,FALSE,"2026-09-26T23:03:41Z"
2026-08-15,2026-08-29,1.3,3.685,3.175,2.895,1.795,1.90877678310471,2.3,0.391223216895294,0.391223216895294,FALSE,FALSE,"2026-09-26T23:03:41Z"
2026-08-22,2026-09-05,1.3,4.935,3.685,3.175,2.895,2.1632471884977,2.3,0.136752811502298,0.136752811502298,FALSE,FALSE,"2026-09-26T23:03:41Z"
2026-08-29,2026-09-12,2.3,6.7,4.935,3.685,3.175,3.19584204513933,1.5,-1.69584204513933,1.69584204513933,FALSE,FALSE,"2026-09-26T23:03:41Z"
2026-09-05,2026-09-19,2.3,8.125,6.7,4.935,3.685,3.19373030995276,1.1,-2.09373030995276,2.09373030995276,FALSE,FALSE,"2026-09-26T23:03:41Z"
2026-09-12,2026-09-26,1.5,2.85,8.125,6.7,4.935,1.83208929084242,NA,NA,NA,TRUE,FALSE,"2026-09-26T23:03:41Z"
2026-09-19,2026-10-03,1.1,2.955,2.85,8.125,6.7,-0.0517144535950654,NA,NA,NA,TRUE,TRUE,"2026-09-26T23:03:41Z"
